<?xml version="1.0" encoding="UTF-8"?>
<templates id="template" xml:space="preserve"><!--<t t-extend="point_of_sale.ReceiptScreen">-->
    <t t-name="ReceiptScreen" t-inherit="point_of_sale.ReceiptScreen" t-inherit-mode="extension" owl="1">
        <xpath expr="//div[hasclass('print')]" position="before">
            <div class="button js_custom_print" t-on-click="js_custom_print" name="js_custom_print" id="js_custom_print">

                                <i class='fa fa-whatsapp'></i> Send Whatsapp message
            </div>
            </xpath>
        </t>

</templates>
