<?xml version="1.0" encoding="utf-8"?>
<odoo>
    <data noupdate="1">

        <record id="email_template_stock_reservation" model="mail.template">
            <field name="name">Stock Reservation - Send by Email</field>
            <field name="email_from">${object.company_id.email}</field>
            <field name="subject">Stock Reservation: ${object.name}</field>
            <field name="email_to"></field>
            <field name="model_id" ref="odoo_stock_reservation.model_sale_order"/>
            <field name="body_html"><![CDATA[
                <p>Hello,</p>

                <p>
                    We are inform you to Stock reserved for  <strong>${object.name}</strong> Please do process ahead.
                </p>

                <table cellspacing="0" cellpadding="0" border="1" style="width: 600px; margin-top: 5px;">

                    <thead>
                        <th>Name</th>
                        <th>Product</th>
                        <th>Quantity for Reservation</th>
                    </thead>

                    <tbody>
                        % for stock_res in ctx['stock_reservation_ctx']:
                        <tr>
                           <td valign="center">
                                ${stock_res['name']}
                           </td>
                           <td valign="center" >
                                ${stock_res['product_id'].name}
                           </td>
                           <td align="right">
                                ${stock_res['reserved_qty']}
                           </td>
                        </tr>
                        % endfor
                    </tbody>

                </table>

                <p>You can reply to this email if you have any questions.</p>
                <p>Thank you,</p>

            ]]></field>
        </record>
        
    </data>
</odoo>
 
