<?xml version="1.0" encoding="utf-8"?>
<odoo>
    <data noupdate="1">

        <template id="report_technician_template">
            <t t-call="web.html_container">
                <t t-call="web.external_layout">
                    <t t-foreach="docs" t-as="o">

                        <div class="page">
                            <h2>
                                <span t-field="o.name"/>
                            </h2>
                            <div class="row mt32 mb32">
                                <div t-if="o.project_id" class="col-auto" name="div_origin">
                                    <strong>Project:</strong>
                                    <p t-field="o.project_id"/>
                                </div>
                                <div t-if="o.stage_id" class="col-auto" name="div_sched_date">
                                    <strong>Deadline Date:</strong>
                                    <p t-field="o.date_deadline"/>

                                </div>
                            </div>

<!--                            <div t-if="o.user_id.signature" class="mt32 ml64 mr4" name="signature">-->
<!--                                <div class="offset-8">-->
<!--                                    <strong>Signature</strong>-->
<!--                                </div>-->
<!--                                <div class="offset-8">-->
<!--                                    <img t-att-src="image_data_uri(o.signature)"-->
<!--                                         style="max-height: 4cm; max-width: 8cm;"/>-->
<!--                                </div>-->
<!--                                <div class="offset-8 text-center">-->
<!--                                    <p t-field="o.user_id.name"/>-->
<!--                                </div>-->
<!--                            </div>-->
                        </div>
                    </t>
                </t>
            </t>
        </template>

        <record id="action_report_technician" model="ir.actions.report">
            <field name="name">Technician Task</field>
            <field name="model">project.task</field>
            <field name="report_type">qweb-pdf</field>
            <field name="report_name">pragmatic_odoo_whatsapp_integration.report_technician_template</field>
            <field name="report_file">ragmatic_odoo_whatsapp_integration.report_technician_template</field>
            <!--            <field name="print_report_name">'Delivery Slip - %s - %s' % (object.partner_id.name or '', object.name)-->
            <!--            </field>-->
            <field name="binding_model_id" ref="model_project_task"/>
            <field name="binding_type">report</field>
        </record>

        <record id="mail_template_data_project_task_technician" model="mail.template">
            <field name="name">Task: New Task Notification</field>
            <field name="model_id" ref="project.model_project_task"/>
            <field name="subject">Task of ${object.name}</field>
            <field name="use_default_to" eval="True"/>
            <field name="body_html" type="html">
                <div>
                    Dear ${object.technician_id.name or 'Technician'},
                    <br/>
                    ${object.description}
                    <br/>
                    <br/>
                    Thank you,
                    % if user.signature
                    <br/>
                    ${user.signature | safe}
                    % endif
                </div>
            </field>
            <field name="report_template" ref="pragmatic_odoo_whatsapp_integration.action_report_technician"/>
            <field name="report_name">${(object.name or '').replace('/','_')}</field>
            <field name="lang">${object.technician_id.lang}</field>
            <field name="auto_delete" eval="True"/>
        </record>
    </data>
</odoo>
